{"cameraMode":{"drawMode":0,"name":"Shaded","section":"Shading Mode"},"sceneLighting":false,"audioPlay":false,"sceneViewState":{"m_AlwaysRefresh":false,"showFog":true,"showSkybox":false,"showFlares":true,"showImageEffects":true,"showParticleSystems":true,"showVisualEffectGraphs":true,"m_FxEnabled":true},"in2DMode":false,"pivot":{"x":15.954756736755371,"y":0.794674813747406,"z":0.009247899055480957},"rotation":{"x":-0.057539016008377078,"y":-0.29727762937545779,"z":0.01795138418674469,"w":-0.952900230884552},"size":1.2996416091918946,"orthographic":false}