{"cameraMode":{"drawMode":0,"name":"Shaded","section":"Shading Mode"},"sceneLighting":true,"audioPlay":false,"sceneViewState":{"m_AlwaysRefresh":false,"showFog":true,"showSkybox":true,"showFlares":true,"showImageEffects":true,"showParticleSystems":true,"showVisualEffectGraphs":true,"m_FxEnabled":true},"in2DMode":false,"pivot":{"x":13.696864128112793,"y":10.593467712402344,"z":-21.05509376525879},"rotation":{"x":-0.025807227939367296,"y":-0.005401392932981253,"z":0.00014211887901183218,"w":-0.9996675848960877},"size":0.8660253882408142,"orthographic":false}